cluster,media_suspeitos,media_vitimas,percentual_com_arma,media_idade_suspeitos,media_hora,suspeitos_norm,arma_norm,hora_norm,indice_risco,nivel_risco
0,2.013671266516393,1.7465042974691665,1.0,40.076172411897296,19.0,0.7200305921853118,0.0,0.0,0.3600152960926559,Médio
1,1.8579227417462711,2.063799648064354,1.0,43.50690254734373,19.0,0.5065451953275826,0.0,0.0,0.2532725976637913,Baixo
2,1.4883720930232558,2.0697674418604652,1.0,41.23255813953488,19.0,0.0,0.0,0.0,0.0,Baixo
3,2.2179232804232805,2.1448412698412698,1.0,42.04927248677249,19.0,1.0,0.0,0.0,0.5,Médio
